antecedents,consequents,support,confidence,lift
[1],[2],0.1347,0.9648997134670486,6.867613618982552
[2],[1],0.1347,0.9587188612099642,6.867613618982552
[21],[20],0.14,0.9648518263266713,6.640411743473305
[20],[21],0.14,0.9635237439779766,6.6404117434733045
[4],[3],0.1406,0.9584185412406272,6.569009878277089
